place,title,time,pay,date
전북 전주시,전주배달대행- 영웅배송 스파이더 ＇금암덕진지사＇ 라이더 최고우대 합니다.,09:00~02:00,"일급200,000",17분전
울산 남구,[울산]영웅배송스파이더 남구지사C 영웅라이더 모집,시간협의,"건별3,500",17분전
경기 안성시,[평택배달대행] 영웅배송 스파이더[초보/투잡O초기비용X오토바이없어도O],시간협의,"월급5,000,000",29분전
경기 평택시,[평택배달대행] 영웅배송 스파이더[초보/투잡O초기비용X오토바이없어도O],시간협의,"월급5,000,000",29분전
경기 평택시,[평택배달대행] 영웅배송 스파이더[초보/투잡O초기비용X오토바이없어도O],시간협의,"월급5,000,000",29분전
경기 평택시,[평택배달대행] 영웅배송 스파이더[초보/투잡O초기비용X오토바이없어도O],시간협의,"월급5,000,000",29분전
경기 평택시,[평택배달대행] 영웅배송 스파이더[초보/투잡O초기비용X오토바이없어도O],시간협의,"월급5,000,000",30분전
경기 평택시,[평택배달대행] 영웅배송 스파이더[초보/투잡O초기비용X오토바이없어도O],시간협의,"월급5,000,000",30분전
경기 평택시,[평택배달대행] 영웅배송 스파이더 [초보/투잡O초기비용X오토바이없어도O],시간협의,"월급5,000,000",31분전
경기 평택시,[평택배달대행] 영웅배송 스파이더 [초보/투잡O초기비용X오토바이없어도O],시간협의,"월급5,000,000",31분전
경기 평택시,[평택배달대행] 영웅배송 스파이더 [초보/투잡O초기비용X오토바이없어도O],시간협의,"월급5,000,000",31분전
경기 구리시,업종최고 보장)영웅배송 스파이더 구리지사 배달 대행 기사 모집,시간협의,"일급200,000",41분전
경기 구리시,업종최고 보장)영웅배송 스파이더 구리지사 배달 대행 기사 모집,시간협의,"일급200,000",42분전
경기 구리시,업종최고 보장)영웅배송 스파이더 구리지사 배달 대행 기사 모집,시간협의,"일급200,000",42분전
서울 노원구,"+배달대행) 영웅배송 스파이더 서울 노원구 공릉, 묵동 지사 라이더 모집+",시간협의,"일급200,000",50분전
서울 노원구,"+배달대행) 영웅배송 스파이더 서울 노원구 공릉, 묵동 지사 라이더 모집+",시간협의,"일급200,000",50분전
서울 노원구,"+배달대행) 영웅배송 스파이더 서울 노원구 공릉, 묵동 지사 라이더 모집+",시간협의,"일급200,000",51분전
경남 창원시,스파이더 창원Go지점 대방동 라이더모집,시간협의,"월급4,000,000",1시간전
경남 창원시,스파이더 창원 남양동 라이더모집,시간협의,"일급200,000",1시간전
경남 창원시,스파이더Go 창원 성주동 라이더모집,시간협의,"건별3,300",1시간전
울산 전체,[배달대행] 영웅배송스파이더 (울산)무거점 사장님 모집합니다.,시간협의,"일급200,000",2시간전
경기 화성시,(%급구%)동탄2본부지사 직원공고,시간협의,"일급300,000",2시간전
경기 화성시,(%급구%)동탄2본부지사 직원공고,시간협의,"일급300,000",2시간전
경기 화성시,(%급구%)동탄2본부지사 직원공고,시간협의,"일급300,000",2시간전
경기 수원시,【배달대행】【수원 장안구】【1.2km4000원/우천할증1000원】【숙소제공】,08:00~03:00,"일급300,000",3시간전
경기 수원시,【배달대행】【수원 장안구】【1.2km4000원/우천할증1000원】【숙소제공】,08:00~03:00,"일급200,000",3시간전
경기 수원시,【배달대행】【수원 장안구】【1.2km4000원/우천할증1000원】【숙소제공】,08:00~03:00,"일급300,000",3시간전
경기 수원시,【배달대행】【수원 장안구】【1.2km4000원/우천할증1000원】【숙소제공】,08:00~03:00,"일급300,000",3시간전
경기 수원시,【배달대행】【수원 장안구】【1.2km4000원/우천할증1000원】【숙소제공】,08:00~03:00,"일급300,000",3시간전
경기 수원시,【배달대행】【수원 장안구】【1.2km4000원/우천할증1000원】【숙소제공】,08:00~03:00,"일급300,000",3시간전
경남 창원시,[배달대행]스파이더 신마산 자산지점,시간협의,"월급5,000,000",3시간전
경기 수원시,【배달대행】【수원 장안구】【1.2km4000원/우천할증1000원】【숙소제공】,시간협의,"일급300,000",3시간전
경기 수원시,【배달대행】수원 장안구【1.2km4000원/우천할증1000원】【숙소제공】,시간협의,"일급300,000",3시간전
경기 수원시,【배달대행】【수원 장안구】【1.2km4000원/우천할증1000원】【숙소제공】,시간협의,"일급300,000",3시간전
경기 수원시,[수원 배달대행] 영웅배송스파이더 매탄동 동수원지사 매탄1지점,08:00~02:00,"건별4,000",3시간전
부산 연제구,[부산 배달대행]영웅배송 스파이더 연산동 거제동 라이더분을 모집합니다.,시간협의,"건별3,500",3시간전
경남 창원시,영웅배송 스파이더 의창지점 라이더모집中,시간협의,"일급250,000",3시간전
경남 창원시,영웅배송 스파이더 의창지점 라이더모집中,시간협의,"일급250,000",3시간전
경남 창원시,영웅배송 스파이더 의창지점 라이더모집中,시간협의,"일급250,000",3시간전
서울 강남구,"스파이더 영웅지부 강남 논현,신사 라이더님 모십니다",시간협의,"건별4,000",4시간전
서울 강남구,"스파이더 영웅지부 강남 논현,신사 라이더님 모십니다",시간협의,"건별4,000",4시간전
서울 강남구,"스파이더 영웅지부 강남 논현,신사 라이더님 모십니다",시간협의,"건별4,000",4시간전
경북 포항시,포항북구최다콜보유/피자5000원/기본콜비4500,시간협의,"일급250,000",4시간전
경북 포항시,포항북구최다콜보유/피자5000원/기본콜비4500,시간협의,"일급250,000",4시간전
경북 포항시,포항북구최다콜보유/피자5000원/기본콜비4500,시간협의,"일급250,000",4시간전
울산 중구,성안 스파이더 배달대행 기사 구인합니다 /,시간협의,"일급100,000",4시간전
울산 중구,성안 스파이더 배달대행 기사 구인합니다 /,시간협의,"일급100,000",4시간전
울산 중구,성안 스파이더 배달대행 기사 구인합니다 /,시간협의,"일급100,000",4시간전
경북 포항시,포항북구최다콜보유/기본콜비4500원/피자5000원,시간협의,"일급250,000",4시간전
경북 포항시,포항북구최다콜보유/기본콜비4500원/피자5000원,시간협의,"일급250,000",4시간전
